Country or Area,Time Period,Unit of measurement,Nature,Value
World,2012,Percent,Not Available,12.7
World,2010,Percent,Not Available,16.3
World,2005,Percent,Not Available,20.9
World,2002,Percent,Not Available,26.3
Caucasus and Central Asia,2012,Percent,Not Available,11.6
Caucasus and Central Asia,2010,Percent,Not Available,15.2
Caucasus and Central Asia,2005,Percent,Not Available,26.5
Caucasus and Central Asia,2002,Percent,Not Available,33.4
Developing regions,2012,Percent,Not Available,15.4
Developing regions,2010,Percent,Not Available,19.9
Developing regions,2005,Percent,Not Available,26
Developing regions,2002,Percent,Not Available,33
Eastern Asia,2012,Percent,Not Available,6.5
Eastern Asia,2010,Percent,Not Available,11.2
Eastern Asia,2005,Percent,Not Available,18.7
Eastern Asia,2002,Percent,Not Available,31.9
Landlocked developing countries,2012,Percent,Not Available,30.5
Landlocked developing countries,2010,Percent,Not Available,35.4
Landlocked developing countries,2005,Percent,Not Available,41.9
Landlocked developing countries,2002,Percent,Not Available,48.6
Latin America and the Caribbean,2012,Percent,Not Available,5.6
Latin America and the Caribbean,2010,Percent,Not Available,6.5
Latin America and the Caribbean,2005,Percent,Not Available,10.8
Latin America and the Caribbean,2002,Percent,Not Available,13.2
Least developed countries,2012,Percent,Not Available,36.4
Least developed countries,2010,Percent,Not Available,40.6
Least developed countries,2005,Percent,Not Available,46.1
Least developed countries,2002,Percent,Not Available,51.3
Northern Africa,2012,Percent,Not Available,1.7
Northern Africa,2010,Percent,Not Available,2.1
Northern Africa,2005,Percent,Not Available,3.9
Northern Africa,2002,Percent,Not Available,5.3
Oceania,2012,Percent,Not Available,29.7
Oceania,2010,Percent,Not Available,35.2
Oceania,2005,Percent,Not Available,44.9
Oceania,2002,Percent,Not Available,47.9
Small island developing States,2012,Percent,Not Available,25
Small island developing States,2010,Percent,Not Available,27.2
Small island developing States,2005,Percent,Not Available,30.2
Small island developing States,2002,Percent,Not Available,30.2
South-eastern Asia,2012,Percent,Not Available,8.3
South-eastern Asia,2010,Percent,Not Available,10.4
South-eastern Asia,2005,Percent,Not Available,17
South-eastern Asia,2002,Percent,Not Available,20.6
Southern Asia,2012,Percent,Not Available,15.4
Southern Asia,2010,Percent,Not Available,23.3
Southern Asia,2005,Percent,Not Available,30.4
Southern Asia,2002,Percent,Not Available,35.9
Sub-Saharan Africa,2012,Percent,Not Available,42.6
Sub-Saharan Africa,2010,Percent,Not Available,46.1
Sub-Saharan Africa,2005,Percent,Not Available,50.8
Sub-Saharan Africa,2002,Percent,Not Available,57.3
Albania,2012,Percent,Global monitoring data,1.06
Albania,2008,Percent,Global monitoring data,0.37
Albania,2005,Percent,Global monitoring data,1.12
Albania,2002,Percent,Global monitoring data,2.22
Albania,1996,Percent,Global monitoring data,1.1
Angola,2008,Percent,Global monitoring data,30.13
Angola,2000,Percent,Global monitoring data,32.28
Argentina,2013,Percent,Global monitoring data,1.75
Argentina,2012,Percent,Global monitoring data,1.63
Argentina,2011,Percent,Global monitoring data,1.53
Argentina,2010,Percent,Global monitoring data,2.05
Argentina,2009,Percent,Global monitoring data,3.05
Argentina,2008,Percent,Global monitoring data,2.97
Argentina,2007,Percent,Global monitoring data,3.49
Argentina,2006,Percent,Global monitoring data,4.12
Argentina,2005,Percent,Global monitoring data,5.37
Argentina,2004,Percent,Global monitoring data,7.09
Argentina,2003,Percent,Global monitoring data,9.79
Argentina,2002,Percent,Global monitoring data,13.99
Argentina,2001,Percent,Global monitoring data,9.42
Argentina,2000,Percent,Global monitoring data,5.7
Argentina,1999,Percent,Global monitoring data,4.78
Argentina,1998,Percent,Global monitoring data,4.59
Argentina,1997,Percent,Global monitoring data,4.14
Argentina,1996,Percent,Global monitoring data,4.63
Argentina,1995,Percent,Global monitoring data,4.11
Argentina,1994,Percent,Global monitoring data,2.28
Argentina,1993,Percent,Global monitoring data,2.42
Argentina,1992,Percent,Global monitoring data,2.05
Argentina,1991,Percent,Global monitoring data,1.1
Armenia,2013,Percent,Global monitoring data,2.44
Armenia,2012,Percent,Global monitoring data,1.74
Armenia,2011,Percent,Global monitoring data,2.7
Armenia,2010,Percent,Global monitoring data,2.54
Armenia,2009,Percent,Global monitoring data,1.59
Armenia,2008,Percent,Global monitoring data,1.49
Armenia,2007,Percent,Global monitoring data,3.57
Armenia,2006,Percent,Global monitoring data,3.3
Armenia,2005,Percent,Global monitoring data,4.45
Armenia,2004,Percent,Global monitoring data,7.93
Armenia,2003,Percent,Global monitoring data,11.36
Armenia,2002,Percent,Global monitoring data,15.06
Armenia,2001,Percent,Global monitoring data,19.33
Armenia,1999,Percent,Global monitoring data,16.88
Armenia,1996,Percent,Global monitoring data,17.9
Azerbaijan,2005,Percent,Global monitoring data,0
Azerbaijan,2004,Percent,Global monitoring data,0
Azerbaijan,2003,Percent,Global monitoring data,0
Azerbaijan,2002,Percent,Global monitoring data,0
Azerbaijan,2001,Percent,Global monitoring data,2.71
Azerbaijan,1995,Percent,Global monitoring data,7.32
Bangladesh,2010,Percent,Global monitoring data,43.65
Bangladesh,2005,Percent,Global monitoring data,51.58
Bangladesh,2000,Percent,Global monitoring data,59.97
Bangladesh,1995,Percent,Global monitoring data,63.45
Bangladesh,1991,Percent,Global monitoring data,72.24
Belarus,2012,Percent,Global monitoring data,0
Belarus,2011,Percent,Global monitoring data,0
Belarus,2010,Percent,Global monitoring data,0
Belarus,2009,Percent,Global monitoring data,0.03
Belarus,2008,Percent,Global monitoring data,0
Belarus,2007,Percent,Global monitoring data,0
Belarus,2006,Percent,Global monitoring data,0.11
Belarus,2005,Percent,Global monitoring data,0.36
Belarus,2004,Percent,Global monitoring data,0.32
Belarus,2003,Percent,Global monitoring data,1.49
Belarus,2002,Percent,Global monitoring data,1.98
Belarus,2001,Percent,Global monitoring data,1.12
Belarus,2000,Percent,Global monitoring data,1.99
Belarus,1999,Percent,Global monitoring data,2.71
Belarus,1998,Percent,Global monitoring data,3.2
Belarus,1995,Percent,Global monitoring data,0.7
Belarus,1993,Percent,Global monitoring data,0.09
Belize,1999,Percent,Global monitoring data,13.92
Belize,1998,Percent,Global monitoring data,14.35
Belize,1997,Percent,Global monitoring data,16.45
Belize,1996,Percent,Global monitoring data,13.31
Belize,1995,Percent,Global monitoring data,12.29
Belize,1994,Percent,Global monitoring data,9.88
Belize,1993,Percent,Global monitoring data,10.09
Benin,2011,Percent,Global monitoring data,53.11
Benin,2003,Percent,Global monitoring data,48.85
Bhutan,2012,Percent,Global monitoring data,2.2
Bhutan,2007,Percent,Global monitoring data,7.95
Bhutan,2003,Percent,Global monitoring data,24.86
Bolivia (Plurinational State of),2013,Percent,Global monitoring data,7.7
Bolivia (Plurinational State of),2012,Percent,Global monitoring data,9.07
Bolivia (Plurinational State of),2011,Percent,Global monitoring data,7.96
Bolivia (Plurinational State of),2009,Percent,Global monitoring data,11.92
Bolivia (Plurinational State of),2008,Percent,Global monitoring data,11.91
Bolivia (Plurinational State of),2007,Percent,Global monitoring data,13.9
Bolivia (Plurinational State of),2006,Percent,Global monitoring data,17.9
Bolivia (Plurinational State of),2005,Percent,Global monitoring data,20.38
Bolivia (Plurinational State of),2004,Percent,Global monitoring data,13.66
Bolivia (Plurinational State of),2002,Percent,Global monitoring data,24.93
Bolivia (Plurinational State of),2001,Percent,Global monitoring data,23.67
Bolivia (Plurinational State of),2000,Percent,Global monitoring data,29.67
Bolivia (Plurinational State of),1999,Percent,Global monitoring data,25.3
Bolivia (Plurinational State of),1997,Percent,Global monitoring data,19.25
Bolivia (Plurinational State of),1993,Percent,Global monitoring data,18.13
Bolivia (Plurinational State of),1990,Percent,Global monitoring data,8.2
Bosnia and Herzegovina,2007,Percent,Global monitoring data,0.06
Bosnia and Herzegovina,2004,Percent,Global monitoring data,0.18
Bosnia and Herzegovina,2001,Percent,Global monitoring data,0.25
Botswana,2009,Percent,Global monitoring data,18.24
Botswana,2002,Percent,Global monitoring data,29.75
Botswana,1993,Percent,Global monitoring data,34.82
Brazil,2013,Percent,Global monitoring data,4.87
Brazil,2012,Percent,Global monitoring data,4.59
Brazil,2011,Percent,Global monitoring data,5.5
Brazil,2009,Percent,Global monitoring data,6.18
Brazil,2008,Percent,Global monitoring data,6.29
Brazil,2007,Percent,Global monitoring data,7.6
Brazil,2006,Percent,Global monitoring data,7.94
Brazil,2005,Percent,Global monitoring data,9.55
Brazil,2004,Percent,Global monitoring data,11.04
Brazil,2003,Percent,Global monitoring data,12.71
Brazil,2002,Percent,Global monitoring data,12.31
Brazil,2001,Percent,Global monitoring data,13.62
Brazil,1999,Percent,Global monitoring data,13.36
Brazil,1998,Percent,Global monitoring data,12.71
Brazil,1997,Percent,Global monitoring data,13.99
Brazil,1996,Percent,Global monitoring data,14.17
Brazil,1995,Percent,Global monitoring data,12.99
Brazil,1993,Percent,Global monitoring data,19.92
Brazil,1992,Percent,Global monitoring data,20.76
Brazil,1990,Percent,Global monitoring data,20.56
Bulgaria,2012,Percent,Global monitoring data,2.03
Bulgaria,2011,Percent,Global monitoring data,2.19
Bulgaria,2010,Percent,Global monitoring data,1.93
Bulgaria,2009,Percent,Global monitoring data,1.15
Bulgaria,2008,Percent,Global monitoring data,1.18
Bulgaria,2007,Percent,Global monitoring data,0.42
Bulgaria,2006,Percent,Global monitoring data,5.42
Bulgaria,2003,Percent,Global monitoring data,0.88
Bulgaria,2001,Percent,Global monitoring data,2
Bulgaria,1997,Percent,Global monitoring data,0.45
Bulgaria,1995,Percent,Global monitoring data,1.23
Bulgaria,1994,Percent,Global monitoring data,0.24
Bulgaria,1992,Percent,Global monitoring data,0
Burkina Faso,2009,Percent,Global monitoring data,55.29
Burkina Faso,2003,Percent,Global monitoring data,57.26
Burkina Faso,1998,Percent,Global monitoring data,81.61
Burkina Faso,1994,Percent,Global monitoring data,83.06
Burundi,2006,Percent,Global monitoring data,77.65
Burundi,1998,Percent,Global monitoring data,84.12
Burundi,1992,Percent,Global monitoring data,81.12
Cabo Verde,2007,Percent,Global monitoring data,17.57
Cabo Verde,2001,Percent,Global monitoring data,28.16
Cambodia,2012,Percent,Global monitoring data,6.15
Cambodia,2011,Percent,Global monitoring data,8.94
Cambodia,2010,Percent,Global monitoring data,9.97
Cambodia,2009,Percent,Global monitoring data,11.72
Cambodia,2008,Percent,Global monitoring data,19.5
Cambodia,2007,Percent,Global monitoring data,29.4
Cambodia,2004,Percent,Global monitoring data,31.95
Cambodia,1994,Percent,Global monitoring data,47.05
Cameroon,2007,Percent,Global monitoring data,29.27
Cameroon,2001,Percent,Global monitoring data,23.12
Cameroon,1996,Percent,Global monitoring data,48.08
Central African Republic,2008,Percent,Global monitoring data,66.27
Central African Republic,2003,Percent,Global monitoring data,64.77
Central African Republic,1992,Percent,Global monitoring data,84.27
Chad,2011,Percent,Global monitoring data,38.43
Chad,2003,Percent,Global monitoring data,62.94
Chile,2013,Percent,Global monitoring data,0.92
Chile,2011,Percent,Global monitoring data,1.3
Chile,2009,Percent,Global monitoring data,1.72
Chile,2006,Percent,Global monitoring data,1.66
Chile,2003,Percent,Global monitoring data,2.61
Chile,2000,Percent,Global monitoring data,3.11
Chile,1998,Percent,Global monitoring data,3.48
Chile,1996,Percent,Global monitoring data,3.35
Chile,1994,Percent,Global monitoring data,4.87
Chile,1992,Percent,Global monitoring data,4.57
Chile,1990,Percent,Global monitoring data,7.92
China,2010,Percent,Global monitoring data,11.18
China,2008,Percent,Global monitoring data,14.65
China,2005,Percent,Global monitoring data,18.75
China,2002,Percent,Global monitoring data,31.95
China,1999,Percent,Global monitoring data,40.54
China,1996,Percent,Global monitoring data,42.05
China,1993,Percent,Global monitoring data,57
China,1990,Percent,Global monitoring data,66.58
Colombia,2013,Percent,Global monitoring data,6.12
Colombia,2012,Percent,Global monitoring data,7.09
Colombia,2011,Percent,Global monitoring data,6.58
Colombia,2010,Percent,Global monitoring data,8.06
Colombia,2009,Percent,Global monitoring data,9.28
Colombia,2008,Percent,Global monitoring data,10.71
Colombia,2007,Percent,Global monitoring data,17.39
Colombia,2006,Percent,Global monitoring data,20.71
Colombia,2005,Percent,Global monitoring data,10.4
Colombia,2004,Percent,Global monitoring data,11.79
Colombia,2003,Percent,Global monitoring data,12.8
Colombia,2002,Percent,Global monitoring data,14.66
Colombia,2001,Percent,Global monitoring data,20.77
Colombia,2000,Percent,Global monitoring data,15.87
Colombia,1999,Percent,Global monitoring data,19.21
Colombia,1996,Percent,Global monitoring data,15.23
Colombia,1992,Percent,Global monitoring data,8.05
Colombia,1991,Percent,Global monitoring data,10.37
Comoros,2004,Percent,Global monitoring data,13.47
Congo,2011,Percent,Global monitoring data,28.71
Congo,2005,Percent,Global monitoring data,50.22
Costa Rica,2013,Percent,Global monitoring data,1.68
Costa Rica,2012,Percent,Global monitoring data,1.72
Costa Rica,2011,Percent,Global monitoring data,1.75
Costa Rica,2010,Percent,Global monitoring data,1.61
Costa Rica,2009,Percent,Global monitoring data,3.33
Costa Rica,2008,Percent,Global monitoring data,2.71
Costa Rica,2007,Percent,Global monitoring data,2.4
Costa Rica,2006,Percent,Global monitoring data,4.37
Costa Rica,2005,Percent,Global monitoring data,4.37
Costa Rica,2004,Percent,Global monitoring data,5.59
Costa Rica,2003,Percent,Global monitoring data,6.11
Costa Rica,2002,Percent,Global monitoring data,6.34
Costa Rica,2001,Percent,Global monitoring data,6.54
Costa Rica,2000,Percent,Global monitoring data,6.48
Costa Rica,1999,Percent,Global monitoring data,6.37
Costa Rica,1998,Percent,Global monitoring data,5.06
Costa Rica,1997,Percent,Global monitoring data,6.47
Costa Rica,1996,Percent,Global monitoring data,7.96
Costa Rica,1995,Percent,Global monitoring data,6.94
Costa Rica,1994,Percent,Global monitoring data,6.65
Costa Rica,1993,Percent,Global monitoring data,8.01
Costa Rica,1992,Percent,Global monitoring data,9.64
Costa Rica,1991,Percent,Global monitoring data,11.66
Costa Rica,1990,Percent,Global monitoring data,9.92
Côte d'Ivoire,2008,Percent,Global monitoring data,29.02
Côte d'Ivoire,2002,Percent,Global monitoring data,23.03
Côte d'Ivoire,1998,Percent,Global monitoring data,25.66
Côte d'Ivoire,1995,Percent,Global monitoring data,19.11
Côte d'Ivoire,1993,Percent,Global monitoring data,19.22
Côte d'Ivoire,1992,Percent,Global monitoring data,21.58
Croatia,2011,Percent,Global monitoring data,0.85
Croatia,2010,Percent,Global monitoring data,0
Croatia,2009,Percent,Global monitoring data,0.03
Croatia,2008,Percent,Global monitoring data,0
Croatia,2004,Percent,Global monitoring data,0
Croatia,2001,Percent,Global monitoring data,0.09
Croatia,2000,Percent,Global monitoring data,0.09
Croatia,1999,Percent,Global monitoring data,0.24
Croatia,1998,Percent,Global monitoring data,0
Czechia,2012,Percent,Global monitoring data,0.06
Czechia,2011,Percent,Global monitoring data,0.05
Czechia,2010,Percent,Global monitoring data,0.04
Czechia,2009,Percent,Global monitoring data,0.07
Czechia,2008,Percent,Global monitoring data,0.04
Czechia,2007,Percent,Global monitoring data,0.12
Czechia,2006,Percent,Global monitoring data,0.07
Czechia,2005,Percent,Global monitoring data,0
Czechia,2004,Percent,Global monitoring data,0
Czechia,1996,Percent,Global monitoring data,0.15
Czechia,1993,Percent,Global monitoring data,0.02
Democratic Republic of the Congo,2012,Percent,Global monitoring data,77.18
Democratic Republic of the Congo,2004,Percent,Global monitoring data,91.21
Djibouti,2012,Percent,Global monitoring data,18.32
Djibouti,2002,Percent,Global monitoring data,20.63
Dominican Republic,2013,Percent,Global monitoring data,2.32
Dominican Republic,2012,Percent,Global monitoring data,2.59
Dominican Republic,2011,Percent,Global monitoring data,2.9
Dominican Republic,2010,Percent,Global monitoring data,2.61
Dominican Republic,2009,Percent,Global monitoring data,3.26
Dominican Republic,2008,Percent,Global monitoring data,3.76
Dominican Republic,2007,Percent,Global monitoring data,4.34
Dominican Republic,2006,Percent,Global monitoring data,4.55
Dominican Republic,2005,Percent,Global monitoring data,5.84
Dominican Republic,2004,Percent,Global monitoring data,8.62
Dominican Republic,2003,Percent,Global monitoring data,6.79
Dominican Republic,2002,Percent,Global monitoring data,5.84
Dominican Republic,2001,Percent,Global monitoring data,4.17
Dominican Republic,2000,Percent,Global monitoring data,5.46
Dominican Republic,1997,Percent,Global monitoring data,5.18
Dominican Republic,1996,Percent,Global monitoring data,4.93
Dominican Republic,1992,Percent,Global monitoring data,5.02
Ecuador,2013,Percent,Global monitoring data,4.43
Ecuador,2012,Percent,Global monitoring data,5.87
Ecuador,2011,Percent,Global monitoring data,5.86
Ecuador,2010,Percent,Global monitoring data,7.05
Ecuador,2009,Percent,Global monitoring data,8.92
Ecuador,2008,Percent,Global monitoring data,8.96
Ecuador,2007,Percent,Global monitoring data,10.06
Ecuador,2006,Percent,Global monitoring data,9.31
Ecuador,2005,Percent,Global monitoring data,13.6
Ecuador,2004,Percent,Global monitoring data,15.2
Ecuador,2003,Percent,Global monitoring data,16.94
Ecuador,2000,Percent,Global monitoring data,28.15
Ecuador,1999,Percent,Global monitoring data,21.82
Ecuador,1998,Percent,Global monitoring data,15.66
Ecuador,1995,Percent,Global monitoring data,19.52
Ecuador,1994,Percent,Global monitoring data,17.13
El Salvador,2013,Percent,Global monitoring data,3.25
El Salvador,2012,Percent,Global monitoring data,4.16
El Salvador,2011,Percent,Global monitoring data,4.53
El Salvador,2010,Percent,Global monitoring data,7.24
El Salvador,2009,Percent,Global monitoring data,6.4
El Salvador,2008,Percent,Global monitoring data,6.92
El Salvador,2007,Percent,Global monitoring data,4.49
El Salvador,2006,Percent,Global monitoring data,6.36
El Salvador,2005,Percent,Global monitoring data,9.55
El Salvador,2004,Percent,Global monitoring data,9.95
El Salvador,2003,Percent,Global monitoring data,15.76
El Salvador,2002,Percent,Global monitoring data,13.08
El Salvador,2001,Percent,Global monitoring data,12.73
El Salvador,2000,Percent,Global monitoring data,11.81
El Salvador,1999,Percent,Global monitoring data,16.27
El Salvador,1998,Percent,Global monitoring data,20.02
El Salvador,1996,Percent,Global monitoring data,21.95
El Salvador,1995,Percent,Global monitoring data,19.87
El Salvador,1991,Percent,Global monitoring data,20.65
Estonia,2012,Percent,Global monitoring data,0.99
Estonia,2011,Percent,Global monitoring data,1.21
Estonia,2010,Percent,Global monitoring data,0.92
Estonia,2009,Percent,Global monitoring data,0.73
Estonia,2008,Percent,Global monitoring data,0.5
Estonia,2007,Percent,Global monitoring data,0.52
Estonia,2006,Percent,Global monitoring data,0.87
Estonia,2005,Percent,Global monitoring data,0.96
Estonia,2004,Percent,Global monitoring data,0.54
Estonia,2003,Percent,Global monitoring data,1.14
Estonia,2002,Percent,Global monitoring data,1.32
Estonia,2001,Percent,Global monitoring data,1.17
Estonia,2000,Percent,Global monitoring data,1.37
Estonia,1998,Percent,Global monitoring data,0.15
Estonia,1995,Percent,Global monitoring data,0.57
Estonia,1993,Percent,Global monitoring data,1.32
Ethiopia,2010,Percent,Global monitoring data,33.54
Ethiopia,2004,Percent,Global monitoring data,36.31
Ethiopia,1999,Percent,Global monitoring data,55.25
Ethiopia,1995,Percent,Global monitoring data,67.9
Fiji,2008,Percent,Global monitoring data,3.6
Fiji,2002,Percent,Global monitoring data,5.05
Gabon,2005,Percent,Global monitoring data,7.97
Gambia,2003,Percent,Global monitoring data,45.29
Gambia,1998,Percent,Global monitoring data,73.8
Georgia,2013,Percent,Global monitoring data,11.49
Georgia,2012,Percent,Global monitoring data,15.49
Georgia,2011,Percent,Global monitoring data,17.79
Georgia,2010,Percent,Global monitoring data,19.58
Georgia,2009,Percent,Global monitoring data,15.43
Georgia,2008,Percent,Global monitoring data,15.47
Georgia,2007,Percent,Global monitoring data,16.3
Georgia,2006,Percent,Global monitoring data,15.25
Georgia,2005,Percent,Global monitoring data,16.22
Georgia,2004,Percent,Global monitoring data,16.81
Georgia,2003,Percent,Global monitoring data,17.4
Georgia,2002,Percent,Global monitoring data,15.6
Georgia,2001,Percent,Global monitoring data,19.36
Georgia,2000,Percent,Global monitoring data,19.43
Georgia,1999,Percent,Global monitoring data,18.74
Georgia,1998,Percent,Global monitoring data,14.63
Georgia,1997,Percent,Global monitoring data,16.37
Georgia,1996,Percent,Global monitoring data,5.45
Ghana,2005,Percent,Global monitoring data,25.15
Ghana,1998,Percent,Global monitoring data,33.9
Ghana,1991,Percent,Global monitoring data,47.38
Guatemala,2011,Percent,Global monitoring data,11.53
Guatemala,2006,Percent,Global monitoring data,11.51
Guatemala,2004,Percent,Global monitoring data,14.45
Guatemala,2003,Percent,Global monitoring data,16.51
Guatemala,2002,Percent,Global monitoring data,18.37
Guatemala,2000,Percent,Global monitoring data,10.1
Guatemala,1998,Percent,Global monitoring data,13.18
Guinea,2012,Percent,Global monitoring data,35.27
Guinea,2007,Percent,Global monitoring data,59.7
Guinea,2002,Percent,Global monitoring data,61.6
Guinea,1994,Percent,Global monitoring data,48.54
Guinea,1991,Percent,Global monitoring data,92.31
Guinea-Bissau,2010,Percent,Global monitoring data,67.08
Guinea-Bissau,2002,Percent,Global monitoring data,53.87
Guinea-Bissau,1993,Percent,Global monitoring data,64.02
Guinea-Bissau,1991,Percent,Global monitoring data,42.96
Guyana,1998,Percent,Global monitoring data,14
Guyana,1992,Percent,Global monitoring data,33.19
Haiti,2012,Percent,Global monitoring data,53.91
Haiti,2001,Percent,Global monitoring data,55.59
Honduras,2013,Percent,Global monitoring data,18.93
Honduras,2012,Percent,Global monitoring data,21.36
Honduras,2011,Percent,Global monitoring data,18.75
Honduras,2010,Percent,Global monitoring data,15.47
Honduras,2009,Percent,Global monitoring data,14.05
Honduras,2008,Percent,Global monitoring data,16.14
Honduras,2007,Percent,Global monitoring data,17.43
Honduras,2006,Percent,Global monitoring data,23.79
Honduras,2005,Percent,Global monitoring data,27.79
Honduras,2004,Percent,Global monitoring data,26.32
Honduras,2003,Percent,Global monitoring data,27.47
Honduras,2002,Percent,Global monitoring data,29.06
Honduras,2001,Percent,Global monitoring data,18.28
Honduras,1999,Percent,Global monitoring data,26.45
Honduras,1998,Percent,Global monitoring data,25.93
Honduras,1997,Percent,Global monitoring data,21.24
Honduras,1996,Percent,Global monitoring data,30.35
Honduras,1995,Percent,Global monitoring data,27.68
Honduras,1994,Percent,Global monitoring data,26.7
Honduras,1993,Percent,Global monitoring data,23.61
Honduras,1992,Percent,Global monitoring data,28.67
Honduras,1991,Percent,Global monitoring data,33.41
Honduras,1990,Percent,Global monitoring data,44.33
Hungary,2012,Percent,Global monitoring data,0.26
Hungary,2011,Percent,Global monitoring data,0.13
Hungary,2010,Percent,Global monitoring data,0.08
Hungary,2009,Percent,Global monitoring data,0.07
Hungary,2008,Percent,Global monitoring data,0.03
Hungary,2007,Percent,Global monitoring data,0
Hungary,2006,Percent,Global monitoring data,0.14
Hungary,2005,Percent,Global monitoring data,0
Hungary,2004,Percent,Global monitoring data,0
Hungary,2003,Percent,Global monitoring data,0.02
Hungary,2002,Percent,Global monitoring data,0
Hungary,2001,Percent,Global monitoring data,0
Hungary,2000,Percent,Global monitoring data,0
Hungary,1999,Percent,Global monitoring data,0.03
Hungary,1998,Percent,Global monitoring data,0.04
Hungary,1993,Percent,Global monitoring data,0.17
India,2011,Percent,Global monitoring data,21.25
India,2009,Percent,Global monitoring data,31.43
India,2004,Percent,Global monitoring data,38.4
India,1993,Percent,Global monitoring data,46.06
Indonesia,2010,Percent,Global monitoring data,15.9
Indonesia,2008,Percent,Global monitoring data,21.29
Indonesia,2005,Percent,Global monitoring data,21.63
Indonesia,2002,Percent,Global monitoring data,23.4
Indonesia,1999,Percent,Global monitoring data,39.99
Indonesia,1996,Percent,Global monitoring data,45.89
Indonesia,1993,Percent,Global monitoring data,57.06
Indonesia,1990,Percent,Global monitoring data,57.29
Iran (Islamic Republic of),2013,Percent,Global monitoring data,0.08
Iran (Islamic Republic of),2009,Percent,Global monitoring data,0.26
Iran (Islamic Republic of),2005,Percent,Global monitoring data,2.61
Iran (Islamic Republic of),1998,Percent,Global monitoring data,2.21
Iran (Islamic Republic of),1994,Percent,Global monitoring data,2.28
Iran (Islamic Republic of),1990,Percent,Global monitoring data,5.32
Jamaica,2004,Percent,Global monitoring data,1.7
Jamaica,2002,Percent,Global monitoring data,2.75
Jamaica,1999,Percent,Global monitoring data,2.61
Jamaica,1996,Percent,Global monitoring data,3.43
Jamaica,1993,Percent,Global monitoring data,9.83
Jamaica,1990,Percent,Global monitoring data,4.57
Jordan,2010,Percent,Global monitoring data,0.13
Jordan,2008,Percent,Global monitoring data,0.13
Jordan,2006,Percent,Global monitoring data,0.31
Jordan,2002,Percent,Global monitoring data,1.03
Jordan,1997,Percent,Global monitoring data,1.45
Jordan,1992,Percent,Global monitoring data,4.08
Kazakhstan,2013,Percent,Global monitoring data,0.04
Kazakhstan,2012,Percent,Global monitoring data,0.06
Kazakhstan,2011,Percent,Global monitoring data,0.03
Kazakhstan,2010,Percent,Global monitoring data,0.12
Kazakhstan,2009,Percent,Global monitoring data,0.17
Kazakhstan,2008,Percent,Global monitoring data,0.13
Kazakhstan,2007,Percent,Global monitoring data,0.53
Kazakhstan,2006,Percent,Global monitoring data,0.62
Kazakhstan,2005,Percent,Global monitoring data,0.21
Kazakhstan,2004,Percent,Global monitoring data,2.92
Kazakhstan,2003,Percent,Global monitoring data,4.14
Kazakhstan,2002,Percent,Global monitoring data,6.47
Kazakhstan,2001,Percent,Global monitoring data,10.1
Kazakhstan,1996,Percent,Global monitoring data,6.33
Kazakhstan,1993,Percent,Global monitoring data,6.53
Kenya,2005,Percent,Global monitoring data,33.6
Kenya,1997,Percent,Global monitoring data,21.5
Kenya,1994,Percent,Global monitoring data,18.84
Kenya,1992,Percent,Global monitoring data,23.08
Kiribati,2006,Percent,Global monitoring data,14.14
Kyrgyzstan,2012,Percent,Global monitoring data,2.91
Kyrgyzstan,2011,Percent,Global monitoring data,1.8
Kyrgyzstan,2010,Percent,Global monitoring data,3.96
Kyrgyzstan,2009,Percent,Global monitoring data,3.31
Kyrgyzstan,2008,Percent,Global monitoring data,3.47
Kyrgyzstan,2007,Percent,Global monitoring data,3.89
Kyrgyzstan,2006,Percent,Global monitoring data,15.65
Kyrgyzstan,2005,Percent,Global monitoring data,21.96
Kyrgyzstan,2004,Percent,Global monitoring data,13.59
Kyrgyzstan,2003,Percent,Global monitoring data,28.07
Kyrgyzstan,2002,Percent,Global monitoring data,34.35
Kyrgyzstan,2001,Percent,Global monitoring data,36.42
Kyrgyzstan,2000,Percent,Global monitoring data,42.21
Kyrgyzstan,1998,Percent,Global monitoring data,30.59
Kyrgyzstan,1993,Percent,Global monitoring data,44.31
Lao People's Democratic Republic,2012,Percent,Global monitoring data,29.95
Lao People's Democratic Republic,2007,Percent,Global monitoring data,36.3
Lao People's Democratic Republic,2002,Percent,Global monitoring data,42.73
Lao People's Democratic Republic,1997,Percent,Global monitoring data,46.76
Lao People's Democratic Republic,1992,Percent,Global monitoring data,42.61
Latvia,2012,Percent,Global monitoring data,1.38
Latvia,2011,Percent,Global monitoring data,1.31
Latvia,2010,Percent,Global monitoring data,1.92
Latvia,2009,Percent,Global monitoring data,0.29
Latvia,2008,Percent,Global monitoring data,0.03
Latvia,2007,Percent,Global monitoring data,0.02
Latvia,2006,Percent,Global monitoring data,1.25
Latvia,2005,Percent,Global monitoring data,2.74
Latvia,2004,Percent,Global monitoring data,0.26
Latvia,2003,Percent,Global monitoring data,0.56
Latvia,2002,Percent,Global monitoring data,0.65
Latvia,1998,Percent,Global monitoring data,10.12
Latvia,1997,Percent,Global monitoring data,9.65
Latvia,1996,Percent,Global monitoring data,1.57
Latvia,1995,Percent,Global monitoring data,0
Latvia,1993,Percent,Global monitoring data,0
Lesotho,2010,Percent,Global monitoring data,59.65
Lesotho,2002,Percent,Global monitoring data,61.31
Lesotho,1994,Percent,Global monitoring data,69.56
Liberia,2007,Percent,Global monitoring data,68.64
Lithuania,2012,Percent,Global monitoring data,1.03
Lithuania,2011,Percent,Global monitoring data,0.87
Lithuania,2010,Percent,Global monitoring data,1.71
Lithuania,2009,Percent,Global monitoring data,2.28
Lithuania,2008,Percent,Global monitoring data,0.15
Lithuania,2007,Percent,Global monitoring data,1.23
Lithuania,2006,Percent,Global monitoring data,1.55
Lithuania,2005,Percent,Global monitoring data,1.78
Lithuania,2004,Percent,Global monitoring data,0.11
Lithuania,2003,Percent,Global monitoring data,0.19
Lithuania,2002,Percent,Global monitoring data,0.51
Lithuania,2001,Percent,Global monitoring data,0.59
Lithuania,2000,Percent,Global monitoring data,0.3
Lithuania,1999,Percent,Global monitoring data,0.35
Lithuania,1998,Percent,Global monitoring data,0.32
Lithuania,1996,Percent,Global monitoring data,0
Lithuania,1993,Percent,Global monitoring data,6.97
Madagascar,2010,Percent,Global monitoring data,81.76
Madagascar,2005,Percent,Global monitoring data,74.06
Madagascar,2001,Percent,Global monitoring data,68.68
Madagascar,1999,Percent,Global monitoring data,64.13
Madagascar,1997,Percent,Global monitoring data,65.85
Madagascar,1993,Percent,Global monitoring data,69.36
Malawi,2010,Percent,Global monitoring data,70.91
Malawi,2004,Percent,Global monitoring data,73.63
Malawi,1997,Percent,Global monitoring data,63.63
Malaysia,2009,Percent,Global monitoring data,0.28
Malaysia,2007,Percent,Global monitoring data,0
Malaysia,2004,Percent,Global monitoring data,4.35
Malaysia,1997,Percent,Global monitoring data,0.4
Malaysia,1995,Percent,Global monitoring data,1.75
Malaysia,1992,Percent,Global monitoring data,1.26
Maldives,2009,Percent,Global monitoring data,5.59
Maldives,2004,Percent,Global monitoring data,2.36
Maldives,1998,Percent,Global monitoring data,24.05
Mali,2009,Percent,Global monitoring data,49.25
Mali,2006,Percent,Global monitoring data,50.58
Mali,2001,Percent,Global monitoring data,57.92
Mali,1994,Percent,Global monitoring data,84.88
Mauritania,2008,Percent,Global monitoring data,10.91
Mauritania,2004,Percent,Global monitoring data,14.39
Mauritania,2000,Percent,Global monitoring data,19.64
Mauritania,1995,Percent,Global monitoring data,20.62
Mauritania,1993,Percent,Global monitoring data,41.16
Mauritius,2012,Percent,Global monitoring data,0.53
Mauritius,2006,Percent,Global monitoring data,0.42
Mexico,2012,Percent,Global monitoring data,2.68
Mexico,2010,Percent,Global monitoring data,3.8
Mexico,2008,Percent,Global monitoring data,3.8
Mexico,2006,Percent,Global monitoring data,3.29
Mexico,2005,Percent,Global monitoring data,8.66
Mexico,2004,Percent,Global monitoring data,4.82
Mexico,2002,Percent,Global monitoring data,8.81
Mexico,2000,Percent,Global monitoring data,11
Mexico,1998,Percent,Global monitoring data,14.29
Mexico,1996,Percent,Global monitoring data,14.09
Mexico,1994,Percent,Global monitoring data,8.58
Mexico,1992,Percent,Global monitoring data,9.73
Micronesia (Federated States of),2000,Percent,Global monitoring data,50.37
Mongolia,2012,Percent,Global monitoring data,0.38
Mongolia,2011,Percent,Global monitoring data,0.57
Mongolia,2010,Percent,Global monitoring data,0.76
Mongolia,2007,Percent,Global monitoring data,1.34
Mongolia,2002,Percent,Global monitoring data,10.55
Mongolia,1998,Percent,Global monitoring data,26.92
Mongolia,1995,Percent,Global monitoring data,13.86
Montenegro,2013,Percent,Global monitoring data,1.69
Montenegro,2012,Percent,Global monitoring data,1.26
Montenegro,2011,Percent,Global monitoring data,0.21
Montenegro,2010,Percent,Global monitoring data,0
Montenegro,2009,Percent,Global monitoring data,0
Montenegro,2008,Percent,Global monitoring data,0.09
Montenegro,2007,Percent,Global monitoring data,0.37
Montenegro,2006,Percent,Global monitoring data,0.14
Montenegro,2005,Percent,Global monitoring data,0.25
Morocco,2007,Percent,Global monitoring data,3.12
Morocco,2000,Percent,Global monitoring data,6.18
Morocco,1998,Percent,Global monitoring data,7.4
Morocco,1990,Percent,Global monitoring data,2.81
Mozambique,2008,Percent,Global monitoring data,68.74
Mozambique,2002,Percent,Global monitoring data,80.36
Mozambique,1996,Percent,Global monitoring data,85.36
Namibia,2009,Percent,Global monitoring data,22.6
Namibia,2003,Percent,Global monitoring data,31.46
Namibia,1993,Percent,Global monitoring data,52.87
Nepal,2010,Percent,Global monitoring data,14.95
Nepal,2003,Percent,Global monitoring data,47.08
Nepal,1995,Percent,Global monitoring data,61.73
Nicaragua,2009,Percent,Global monitoring data,10.83
Nicaragua,2005,Percent,Global monitoring data,15.6
Nicaragua,2001,Percent,Global monitoring data,17.59
Nicaragua,1998,Percent,Global monitoring data,15.67
Nicaragua,1993,Percent,Global monitoring data,22.06
Niger,2011,Percent,Global monitoring data,50.34
Niger,2007,Percent,Global monitoring data,72.02
Niger,2005,Percent,Global monitoring data,74.93
Niger,1994,Percent,Global monitoring data,81.38
Niger,1992,Percent,Global monitoring data,78.19
Nigeria,2009,Percent,Global monitoring data,53.47
Nigeria,2003,Percent,Global monitoring data,53.46
Nigeria,1996,Percent,Global monitoring data,63.5
Nigeria,1992,Percent,Global monitoring data,57.06
Pakistan,2010,Percent,Global monitoring data,8.3
Pakistan,2007,Percent,Global monitoring data,13.25
Pakistan,2005,Percent,Global monitoring data,16.49
Pakistan,2004,Percent,Global monitoring data,18.05
Pakistan,2001,Percent,Global monitoring data,28.49
Pakistan,1998,Percent,Global monitoring data,23.44
Pakistan,1996,Percent,Global monitoring data,15.92
Pakistan,1990,Percent,Global monitoring data,58.96
Panama,2013,Percent,Global monitoring data,2.86
Panama,2012,Percent,Global monitoring data,4.41
Panama,2011,Percent,Global monitoring data,3.98
Panama,2010,Percent,Global monitoring data,4.57
Panama,2009,Percent,Global monitoring data,3.37
Panama,2008,Percent,Global monitoring data,5.49
Panama,2007,Percent,Global monitoring data,8.11
Panama,2006,Percent,Global monitoring data,10.99
Panama,2005,Percent,Global monitoring data,10.3
Panama,2004,Percent,Global monitoring data,10.76
Panama,2003,Percent,Global monitoring data,11.56
Panama,2002,Percent,Global monitoring data,11.93
Panama,2001,Percent,Global monitoring data,16.42
Panama,2000,Percent,Global monitoring data,14.68
Panama,1999,Percent,Global monitoring data,13.39
Panama,1998,Percent,Global monitoring data,15.16
Panama,1997,Percent,Global monitoring data,15.01
Panama,1995,Percent,Global monitoring data,16.28
Panama,1991,Percent,Global monitoring data,21.85
Papua New Guinea,2009,Percent,Global monitoring data,39.31
Papua New Guinea,1996,Percent,Global monitoring data,53.23
Paraguay,2013,Percent,Global monitoring data,2.19
Paraguay,2012,Percent,Global monitoring data,3.71
Paraguay,2011,Percent,Global monitoring data,5.47
Paraguay,2010,Percent,Global monitoring data,6.07
Paraguay,2009,Percent,Global monitoring data,6.44
Paraguay,2008,Percent,Global monitoring data,4.97
Paraguay,2007,Percent,Global monitoring data,8.51
Paraguay,2006,Percent,Global monitoring data,10.06
Paraguay,2005,Percent,Global monitoring data,6.95
Paraguay,2004,Percent,Global monitoring data,6.59
Paraguay,2003,Percent,Global monitoring data,8.97
Paraguay,2002,Percent,Global monitoring data,13.31
Paraguay,2001,Percent,Global monitoring data,9.07
Paraguay,1999,Percent,Global monitoring data,10.21
Paraguay,1997,Percent,Global monitoring data,10.55
Paraguay,1995,Percent,Global monitoring data,12.4
Paraguay,1990,Percent,Global monitoring data,1.19
Peru,2013,Percent,Global monitoring data,3.7
Peru,2012,Percent,Global monitoring data,4.13
Peru,2011,Percent,Global monitoring data,4.35
Peru,2010,Percent,Global monitoring data,4.74
Peru,2009,Percent,Global monitoring data,6.27
Peru,2008,Percent,Global monitoring data,7.94
Peru,2007,Percent,Global monitoring data,10.03
Peru,2006,Percent,Global monitoring data,12.39
Peru,2005,Percent,Global monitoring data,14.16
Peru,2004,Percent,Global monitoring data,12.22
Peru,2003,Percent,Global monitoring data,12.22
Peru,2002,Percent,Global monitoring data,15.14
Peru,2001,Percent,Global monitoring data,17.78
Peru,2000,Percent,Global monitoring data,16.5
Peru,1999,Percent,Global monitoring data,17.43
Peru,1998,Percent,Global monitoring data,16.4
Peru,1997,Percent,Global monitoring data,17.46
Peru,1994,Percent,Global monitoring data,14.46
Philippines,2012,Percent,Global monitoring data,13.11
Philippines,2009,Percent,Global monitoring data,11.98
Philippines,2006,Percent,Global monitoring data,16.45
Philippines,2003,Percent,Global monitoring data,16.84
Philippines,2000,Percent,Global monitoring data,18.41
Philippines,1997,Percent,Global monitoring data,17.65
Philippines,1994,Percent,Global monitoring data,25.03
Philippines,1991,Percent,Global monitoring data,27.47
Poland,2012,Percent,Global monitoring data,0.02
Poland,2011,Percent,Global monitoring data,0.02
Poland,2010,Percent,Global monitoring data,0
Poland,2009,Percent,Global monitoring data,0.02
Poland,2008,Percent,Global monitoring data,0.01
Poland,2007,Percent,Global monitoring data,0.03
Poland,2006,Percent,Global monitoring data,0.03
Poland,2005,Percent,Global monitoring data,0.95
Poland,2004,Percent,Global monitoring data,0.1
Poland,2003,Percent,Global monitoring data,0.05
Poland,2002,Percent,Global monitoring data,0.07
Poland,2001,Percent,Global monitoring data,0.08
Poland,2000,Percent,Global monitoring data,0.13
Poland,1999,Percent,Global monitoring data,0.06
Poland,1998,Percent,Global monitoring data,0.02
Poland,1996,Percent,Global monitoring data,2.57
Poland,1992,Percent,Global monitoring data,0.04
Republic of Moldova,2013,Percent,Global monitoring data,0.08
Republic of Moldova,2012,Percent,Global monitoring data,0.34
Republic of Moldova,2011,Percent,Global monitoring data,0.28
Republic of Moldova,2010,Percent,Global monitoring data,0.53
Republic of Moldova,2009,Percent,Global monitoring data,1.03
Republic of Moldova,2008,Percent,Global monitoring data,1.29
Republic of Moldova,2007,Percent,Global monitoring data,1.11
Republic of Moldova,2006,Percent,Global monitoring data,2.41
Republic of Moldova,2005,Percent,Global monitoring data,13.95
Republic of Moldova,2004,Percent,Global monitoring data,8.26
Republic of Moldova,2003,Percent,Global monitoring data,7.76
Republic of Moldova,2002,Percent,Global monitoring data,16.36
Republic of Moldova,2001,Percent,Global monitoring data,27.55
Republic of Moldova,2000,Percent,Global monitoring data,35.92
Republic of Moldova,1999,Percent,Global monitoring data,39.1
Republic of Moldova,1998,Percent,Global monitoring data,27.56
Republic of Moldova,1997,Percent,Global monitoring data,16.07
Republic of Moldova,1992,Percent,Global monitoring data,13.41
Romania,2012,Percent,Global monitoring data,0
Romania,2011,Percent,Global monitoring data,0
Romania,2010,Percent,Global monitoring data,0
Romania,2009,Percent,Global monitoring data,0
Romania,2008,Percent,Global monitoring data,0
Romania,2007,Percent,Global monitoring data,5.83
Romania,2006,Percent,Global monitoring data,7.3
Romania,2005,Percent,Global monitoring data,2.15
Romania,2004,Percent,Global monitoring data,2.84
Romania,2003,Percent,Global monitoring data,3.87
Romania,2002,Percent,Global monitoring data,5.4
Romania,2001,Percent,Global monitoring data,5.45
Romania,2000,Percent,Global monitoring data,7.54
Romania,1999,Percent,Global monitoring data,6.46
Romania,1998,Percent,Global monitoring data,0.03
Romania,1994,Percent,Global monitoring data,10.72
Romania,1992,Percent,Global monitoring data,0.62
Russian Federation,2012,Percent,Global monitoring data,0.04
Russian Federation,2011,Percent,Global monitoring data,0.08
Russian Federation,2010,Percent,Global monitoring data,0.15
Russian Federation,2009,Percent,Global monitoring data,0.04
Russian Federation,2008,Percent,Global monitoring data,0.07
Russian Federation,2007,Percent,Global monitoring data,0.2
Russian Federation,2006,Percent,Global monitoring data,0.54
Russian Federation,2005,Percent,Global monitoring data,0.66
Russian Federation,2004,Percent,Global monitoring data,0.89
Russian Federation,2003,Percent,Global monitoring data,1
Russian Federation,2002,Percent,Global monitoring data,0.7
Russian Federation,2001,Percent,Global monitoring data,1.24
Russian Federation,2000,Percent,Global monitoring data,2.25
Russian Federation,1999,Percent,Global monitoring data,3.4
Russian Federation,1998,Percent,Global monitoring data,1.7
Russian Federation,1997,Percent,Global monitoring data,1.13
Russian Federation,1996,Percent,Global monitoring data,3.6
Russian Federation,1993,Percent,Global monitoring data,2.37
Rwanda,2010,Percent,Global monitoring data,60.25
Rwanda,2005,Percent,Global monitoring data,68
Rwanda,2000,Percent,Global monitoring data,76.97
Saint Lucia,1995,Percent,Global monitoring data,35.83
Samoa,2008,Percent,Global monitoring data,0.83
Sao Tome and Principe,2010,Percent,Global monitoring data,33.89
Sao Tome and Principe,2000,Percent,Global monitoring data,29.51
Senegal,2011,Percent,Global monitoring data,37.98
Senegal,2005,Percent,Global monitoring data,37.58
Senegal,2001,Percent,Global monitoring data,48.58
Senegal,1994,Percent,Global monitoring data,56.78
Senegal,1991,Percent,Global monitoring data,67.97
Serbia,2010,Percent,Global monitoring data,0.1
Serbia,2009,Percent,Global monitoring data,0.12
Serbia,2008,Percent,Global monitoring data,0.07
Serbia,2007,Percent,Global monitoring data,0.35
Serbia,2006,Percent,Global monitoring data,0.47
Serbia,2005,Percent,Global monitoring data,1.08
Serbia,2004,Percent,Global monitoring data,0.87
Serbia,2003,Percent,Global monitoring data,0.47
Serbia,2002,Percent,Global monitoring data,0.34
Seychelles,2006,Percent,Global monitoring data,0.37
Seychelles,1999,Percent,Global monitoring data,0.58
Sierra Leone,2011,Percent,Global monitoring data,52.33
Sierra Leone,2003,Percent,Global monitoring data,58.59
Slovakia,2012,Percent,Global monitoring data,0.24
Slovakia,2011,Percent,Global monitoring data,0.36
Slovakia,2010,Percent,Global monitoring data,0.42
Slovakia,2009,Percent,Global monitoring data,0
Slovakia,2008,Percent,Global monitoring data,0
Slovakia,2007,Percent,Global monitoring data,0
Slovakia,2006,Percent,Global monitoring data,0
Slovakia,2005,Percent,Global monitoring data,0.05
Slovakia,2004,Percent,Global monitoring data,0.17
Slovakia,1996,Percent,Global monitoring data,0.52
Slovakia,1992,Percent,Global monitoring data,0
Slovenia,2012,Percent,Global monitoring data,0.03
Slovenia,2011,Percent,Global monitoring data,0
Slovenia,2010,Percent,Global monitoring data,0.01
Slovenia,2009,Percent,Global monitoring data,0.01
Slovenia,2008,Percent,Global monitoring data,0.01
Slovenia,2007,Percent,Global monitoring data,0.03
Slovenia,2006,Percent,Global monitoring data,0.06
Slovenia,2005,Percent,Global monitoring data,0.1
Slovenia,2004,Percent,Global monitoring data,0
Slovenia,2003,Percent,Global monitoring data,0
Slovenia,2002,Percent,Global monitoring data,0
Slovenia,1998,Percent,Global monitoring data,0.02
Slovenia,1993,Percent,Global monitoring data,0.05
Solomon Islands,2005,Percent,Global monitoring data,45.6
South Africa,2011,Percent,Global monitoring data,16.56
South Africa,2008,Percent,Global monitoring data,15.07
South Africa,2006,Percent,Global monitoring data,23.13
South Africa,2000,Percent,Global monitoring data,35.2
South Africa,1995,Percent,Global monitoring data,34.94
South Africa,1993,Percent,Global monitoring data,31.91
Sri Lanka,2012,Percent,Global monitoring data,1.69
Sri Lanka,2009,Percent,Global monitoring data,2.42
Sri Lanka,2006,Percent,Global monitoring data,3.77
Sri Lanka,2002,Percent,Global monitoring data,8.3
Sri Lanka,1995,Percent,Global monitoring data,8.85
Sri Lanka,1990,Percent,Global monitoring data,8.73
State of Palestine,2009,Percent,Global monitoring data,0.3
State of Palestine,2007,Percent,Global monitoring data,1.47
State of Palestine,2006,Percent,Global monitoring data,0.31
State of Palestine,2005,Percent,Global monitoring data,0.92
State of Palestine,2004,Percent,Global monitoring data,1.16
Sudan,2009,Percent,Global monitoring data,14.92
Suriname,1999,Percent,Global monitoring data,23.38
Swaziland,2009,Percent,Global monitoring data,42.03
Swaziland,2000,Percent,Global monitoring data,48.44
Swaziland,1994,Percent,Global monitoring data,81.66
Tajikistan,2009,Percent,Global monitoring data,4.74
Tajikistan,2007,Percent,Global monitoring data,10.35
Tajikistan,2004,Percent,Global monitoring data,15.43
Tajikistan,2003,Percent,Global monitoring data,30.87
Tajikistan,1999,Percent,Global monitoring data,54.32
Thailand,2012,Percent,Global monitoring data,0.06
Thailand,2011,Percent,Global monitoring data,0.04
Thailand,2010,Percent,Global monitoring data,0.14
Thailand,2009,Percent,Global monitoring data,0.17
Thailand,2008,Percent,Global monitoring data,0.15
Thailand,2007,Percent,Global monitoring data,0.34
Thailand,2006,Percent,Global monitoring data,0.69
Thailand,2004,Percent,Global monitoring data,0.75
Thailand,2002,Percent,Global monitoring data,1.14
Thailand,2000,Percent,Global monitoring data,2.55
Thailand,1999,Percent,Global monitoring data,2.54
Thailand,1998,Percent,Global monitoring data,1.5
Thailand,1996,Percent,Global monitoring data,2.25
Thailand,1994,Percent,Global monitoring data,3.19
Thailand,1992,Percent,Global monitoring data,6.65
Thailand,1990,Percent,Global monitoring data,9.37
The former Yugoslav Republic of Macedonia,2008,Percent,Global monitoring data,1.33
The former Yugoslav Republic of Macedonia,2006,Percent,Global monitoring data,2.66
The former Yugoslav Republic of Macedonia,2005,Percent,Global monitoring data,1.38
The former Yugoslav Republic of Macedonia,2004,Percent,Global monitoring data,1.35
The former Yugoslav Republic of Macedonia,2003,Percent,Global monitoring data,1.15
The former Yugoslav Republic of Macedonia,2002,Percent,Global monitoring data,1.31
The former Yugoslav Republic of Macedonia,2000,Percent,Global monitoring data,5.2
The former Yugoslav Republic of Macedonia,1998,Percent,Global monitoring data,0.8
Timor-Leste,2007,Percent,Global monitoring data,46.76
Timor-Leste,2001,Percent,Global monitoring data,44.22
Togo,2011,Percent,Global monitoring data,54.18
Togo,2006,Percent,Global monitoring data,55.55
Tonga,2009,Percent,Global monitoring data,1.09
Trinidad and Tobago,1992,Percent,Global monitoring data,3.41
Tunisia,2010,Percent,Global monitoring data,1.99
Tunisia,2005,Percent,Global monitoring data,3.09
Tunisia,2000,Percent,Global monitoring data,5.32
Tunisia,1995,Percent,Global monitoring data,10.86
Tunisia,1990,Percent,Global monitoring data,9.82
Turkey,2012,Percent,Global monitoring data,0.26
Turkey,2011,Percent,Global monitoring data,0.28
Turkey,2010,Percent,Global monitoring data,0.78
Turkey,2009,Percent,Global monitoring data,0.87
Turkey,2008,Percent,Global monitoring data,0.36
Turkey,2007,Percent,Global monitoring data,1.43
Turkey,2006,Percent,Global monitoring data,1.88
Turkey,2005,Percent,Global monitoring data,2.48
Turkey,2004,Percent,Global monitoring data,2.12
Turkey,2003,Percent,Global monitoring data,3.74
Turkey,2002,Percent,Global monitoring data,1.71
Turkey,1994,Percent,Global monitoring data,2.57
Turkmenistan,1998,Percent,Global monitoring data,42.26
Turkmenistan,1993,Percent,Global monitoring data,80.85
Uganda,2012,Percent,Global monitoring data,33.24
Uganda,2009,Percent,Global monitoring data,41.46
Uganda,2005,Percent,Global monitoring data,53.18
Uganda,2002,Percent,Global monitoring data,62.21
Uganda,1999,Percent,Global monitoring data,52.13
Uganda,1996,Percent,Global monitoring data,59.6
Uganda,1992,Percent,Global monitoring data,68.11
Ukraine,2013,Percent,Global monitoring data,0
Ukraine,2012,Percent,Global monitoring data,0
Ukraine,2011,Percent,Global monitoring data,0
Ukraine,2010,Percent,Global monitoring data,0
Ukraine,2009,Percent,Global monitoring data,0.07
Ukraine,2008,Percent,Global monitoring data,0.01
Ukraine,2007,Percent,Global monitoring data,0.04
Ukraine,2006,Percent,Global monitoring data,0.13
Ukraine,2005,Percent,Global monitoring data,0.26
Ukraine,2004,Percent,Global monitoring data,0.56
Ukraine,2003,Percent,Global monitoring data,0.63
Ukraine,2002,Percent,Global monitoring data,1.67
Ukraine,1999,Percent,Global monitoring data,8.26
Ukraine,1996,Percent,Global monitoring data,5.37
Ukraine,1995,Percent,Global monitoring data,5.38
Ukraine,1992,Percent,Global monitoring data,1.58
United Republic of Tanzania,2011,Percent,Global monitoring data,46.6
United Republic of Tanzania,2007,Percent,Global monitoring data,52.73
United Republic of Tanzania,2000,Percent,Global monitoring data,84.74
United Republic of Tanzania,1991,Percent,Global monitoring data,70.42
Uruguay,2013,Percent,Global monitoring data,0.34
Uruguay,2012,Percent,Global monitoring data,0.4
Uruguay,2011,Percent,Global monitoring data,0.32
Uruguay,2010,Percent,Global monitoring data,0.23
Uruguay,2009,Percent,Global monitoring data,0.34
Uruguay,2008,Percent,Global monitoring data,0.33
Uruguay,2007,Percent,Global monitoring data,0.61
Uruguay,2006,Percent,Global monitoring data,0.89
Uruguay,2005,Percent,Global monitoring data,1.54
Uruguay,2004,Percent,Global monitoring data,1.49
Uruguay,2003,Percent,Global monitoring data,1.31
Uruguay,2002,Percent,Global monitoring data,1.08
Uruguay,2001,Percent,Global monitoring data,0.75
Uruguay,2000,Percent,Global monitoring data,0.57
Uruguay,1998,Percent,Global monitoring data,0.9
Uruguay,1997,Percent,Global monitoring data,0.68
Uruguay,1996,Percent,Global monitoring data,0.81
Uruguay,1995,Percent,Global monitoring data,0.68
Uruguay,1992,Percent,Global monitoring data,0.45
Uzbekistan,2003,Percent,Global monitoring data,66.79
Uzbekistan,2002,Percent,Global monitoring data,65.57
Uzbekistan,2000,Percent,Global monitoring data,68.08
Uzbekistan,1998,Percent,Global monitoring data,45.47
Vanuatu,2010,Percent,Global monitoring data,15.36
Venezuela (Bolivarian Republic of),2006,Percent,Global monitoring data,9.24
Venezuela (Bolivarian Republic of),2005,Percent,Global monitoring data,17.01
Venezuela (Bolivarian Republic of),2004,Percent,Global monitoring data,17.46
Venezuela (Bolivarian Republic of),2003,Percent,Global monitoring data,20.03
Venezuela (Bolivarian Republic of),2002,Percent,Global monitoring data,16.03
Venezuela (Bolivarian Republic of),2001,Percent,Global monitoring data,9.59
Venezuela (Bolivarian Republic of),1999,Percent,Global monitoring data,10.16
Venezuela (Bolivarian Republic of),1998,Percent,Global monitoring data,11.44
Venezuela (Bolivarian Republic of),1995,Percent,Global monitoring data,8.56
Venezuela (Bolivarian Republic of),1992,Percent,Global monitoring data,4.31
Viet Nam,2012,Percent,Global monitoring data,3.23
Viet Nam,2010,Percent,Global monitoring data,4.78
Viet Nam,2008,Percent,Global monitoring data,16.17
Viet Nam,2006,Percent,Global monitoring data,22.01
Viet Nam,2004,Percent,Global monitoring data,27.12
Viet Nam,2002,Percent,Global monitoring data,38.78
Viet Nam,1998,Percent,Global monitoring data,34.79
Viet Nam,1992,Percent,Global monitoring data,49.21
Zambia,2010,Percent,Global monitoring data,64.43
Zambia,2006,Percent,Global monitoring data,60.46
Zambia,2004,Percent,Global monitoring data,56.69
Zambia,2002,Percent,Global monitoring data,49.44
Zambia,1998,Percent,Global monitoring data,42.14
Zambia,1996,Percent,Global monitoring data,41.76
Zambia,1993,Percent,Global monitoring data,54.54
Zambia,1991,Percent,Global monitoring data,54.05
